raceId,year,round,circuitId,name,date,driverId,lap,position,seconds
1059,2021,7,34,French Grand Prix,2021-06-20,1,1,1,104.859
1059,2021,7,34,French Grand Prix,2021-06-20,1,2,1,99.625
1059,2021,7,34,French Grand Prix,2021-06-20,1,3,1,99.776
1059,2021,7,34,French Grand Prix,2021-06-20,1,4,1,99.692
1059,2021,7,34,French Grand Prix,2021-06-20,1,5,1,99.549
1059,2021,7,34,French Grand Prix,2021-06-20,1,6,1,98.787
1059,2021,7,34,French Grand Prix,2021-06-20,1,7,1,99.204
1059,2021,7,34,French Grand Prix,2021-06-20,1,8,1,98.763
1059,2021,7,34,French Grand Prix,2021-06-20,1,9,1,99.268
1059,2021,7,34,French Grand Prix,2021-06-20,1,10,1,98.778
1059,2021,7,34,French Grand Prix,2021-06-20,1,11,1,98.977
1059,2021,7,34,French Grand Prix,2021-06-20,1,12,1,99.432
1059,2021,7,34,French Grand Prix,2021-06-20,1,13,1,98.929
1059,2021,7,34,French Grand Prix,2021-06-20,1,14,1,99.16
1059,2021,7,34,French Grand Prix,2021-06-20,1,15,1,99.511
1059,2021,7,34,French Grand Prix,2021-06-20,1,16,1,99.395
1059,2021,7,34,French Grand Prix,2021-06-20,1,17,1,98.926
1059,2021,7,34,French Grand Prix,2021-06-20,1,18,1,99.035
1059,2021,7,34,French Grand Prix,2021-06-20,1,19,2,118.684
1059,2021,7,34,French Grand Prix,2021-06-20,1,20,3,101.873
1059,2021,7,34,French Grand Prix,2021-06-20,1,21,3,97.48
1059,2021,7,34,French Grand Prix,2021-06-20,1,22,3,97.551
1059,2021,7,34,French Grand Prix,2021-06-20,1,23,3,97.702
1059,2021,7,34,French Grand Prix,2021-06-20,1,24,2,97.786
1059,2021,7,34,French Grand Prix,2021-06-20,1,25,2,97.947
1059,2021,7,34,French Grand Prix,2021-06-20,1,26,2,97.905
1059,2021,7,34,French Grand Prix,2021-06-20,1,27,2,97.979
1059,2021,7,34,French Grand Prix,2021-06-20,1,28,2,97.712
1059,2021,7,34,French Grand Prix,2021-06-20,1,29,2,98.457
1059,2021,7,34,French Grand Prix,2021-06-20,1,30,2,98.226
1059,2021,7,34,French Grand Prix,2021-06-20,1,31,2,98.503
1059,2021,7,34,French Grand Prix,2021-06-20,1,32,1,98.392
1059,2021,7,34,French Grand Prix,2021-06-20,1,33,1,98.429
1059,2021,7,34,French Grand Prix,2021-06-20,1,34,1,98.666
1059,2021,7,34,French Grand Prix,2021-06-20,1,35,1,98.411
1059,2021,7,34,French Grand Prix,2021-06-20,1,36,1,98.565
1059,2021,7,34,French Grand Prix,2021-06-20,1,37,1,99.137
1059,2021,7,34,French Grand Prix,2021-06-20,1,38,1,97.65
1059,2021,7,34,French Grand Prix,2021-06-20,1,39,1,97.458
1059,2021,7,34,French Grand Prix,2021-06-20,1,40,1,98.182
1059,2021,7,34,French Grand Prix,2021-06-20,1,41,1,97.685
1059,2021,7,34,French Grand Prix,2021-06-20,1,42,1,97.818
1059,2021,7,34,French Grand Prix,2021-06-20,1,43,1,97.64
1059,2021,7,34,French Grand Prix,2021-06-20,1,44,1,97.41
1059,2021,7,34,French Grand Prix,2021-06-20,1,45,1,97.542
1059,2021,7,34,French Grand Prix,2021-06-20,1,46,1,97.545
1059,2021,7,34,French Grand Prix,2021-06-20,1,47,1,98.431
1059,2021,7,34,French Grand Prix,2021-06-20,1,48,1,98.089
1059,2021,7,34,French Grand Prix,2021-06-20,1,49,1,98.189
1059,2021,7,34,French Grand Prix,2021-06-20,1,50,1,97.946
1059,2021,7,34,French Grand Prix,2021-06-20,1,51,1,98.242
1059,2021,7,34,French Grand Prix,2021-06-20,1,52,2,98.735
1059,2021,7,34,French Grand Prix,2021-06-20,1,53,2,99.041
1059,2021,7,34,French Grand Prix,2021-06-20,830,1,2,106.339
1059,2021,7,34,French Grand Prix,2021-06-20,830,2,2,99.613
1059,2021,7,34,French Grand Prix,2021-06-20,830,3,2,99.571
1059,2021,7,34,French Grand Prix,2021-06-20,830,4,2,100.024
1059,2021,7,34,French Grand Prix,2021-06-20,830,5,2,99.408
1059,2021,7,34,French Grand Prix,2021-06-20,830,6,2,98.727
1059,2021,7,34,French Grand Prix,2021-06-20,830,7,2,99.43
1059,2021,7,34,French Grand Prix,2021-06-20,830,8,2,99.059
1059,2021,7,34,French Grand Prix,2021-06-20,830,9,2,99.122
1059,2021,7,34,French Grand Prix,2021-06-20,830,10,2,98.95
1059,2021,7,34,French Grand Prix,2021-06-20,830,11,2,99.214
1059,2021,7,34,French Grand Prix,2021-06-20,830,12,2,99.307
1059,2021,7,34,French Grand Prix,2021-06-20,830,13,2,99.214
1059,2021,7,34,French Grand Prix,2021-06-20,830,14,2,99.015
1059,2021,7,34,French Grand Prix,2021-06-20,830,15,2,100.297
1059,2021,7,34,French Grand Prix,2021-06-20,830,16,2,99.199
1059,2021,7,34,French Grand Prix,2021-06-20,830,17,2,99.246
1059,2021,7,34,French Grand Prix,2021-06-20,830,18,3,118.099
1059,2021,7,34,French Grand Prix,2021-06-20,830,19,3,99.966
1059,2021,7,34,French Grand Prix,2021-06-20,830,20,2,97.776
1059,2021,7,34,French Grand Prix,2021-06-20,830,21,2,97.516
1059,2021,7,34,French Grand Prix,2021-06-20,830,22,2,97.052
1059,2021,7,34,French Grand Prix,2021-06-20,830,23,2,98.086
1059,2021,7,34,French Grand Prix,2021-06-20,830,24,1,97.915
1059,2021,7,34,French Grand Prix,2021-06-20,830,25,1,97.706
1059,2021,7,34,French Grand Prix,2021-06-20,830,26,1,98.278
1059,2021,7,34,French Grand Prix,2021-06-20,830,27,1,97.727
1059,2021,7,34,French Grand Prix,2021-06-20,830,28,1,97.657
1059,2021,7,34,French Grand Prix,2021-06-20,830,29,1,98.04
1059,2021,7,34,French Grand Prix,2021-06-20,830,30,1,97.833
1059,2021,7,34,French Grand Prix,2021-06-20,830,31,1,97.844
1059,2021,7,34,French Grand Prix,2021-06-20,830,32,4,116.764
1059,2021,7,34,French Grand Prix,2021-06-20,830,33,4,100.458
1059,2021,7,34,French Grand Prix,2021-06-20,830,34,4,96.743
1059,2021,7,34,French Grand Prix,2021-06-20,830,35,3,96.404
1059,2021,7,34,French Grand Prix,2021-06-20,830,36,3,96.579
1059,2021,7,34,French Grand Prix,2021-06-20,830,37,3,96.582
1059,2021,7,34,French Grand Prix,2021-06-20,830,38,3,96.863
1059,2021,7,34,French Grand Prix,2021-06-20,830,39,3,96.973
1059,2021,7,34,French Grand Prix,2021-06-20,830,40,3,97.033
1059,2021,7,34,French Grand Prix,2021-06-20,830,41,3,97.081
1059,2021,7,34,French Grand Prix,2021-06-20,830,42,3,96.849
1059,2021,7,34,French Grand Prix,2021-06-20,830,43,3,97.092
1059,2021,7,34,French Grand Prix,2021-06-20,830,44,2,97.45
1059,2021,7,34,French Grand Prix,2021-06-20,830,45,2,97.129
1059,2021,7,34,French Grand Prix,2021-06-20,830,46,2,97.558
1059,2021,7,34,French Grand Prix,2021-06-20,830,47,2,97.627
1059,2021,7,34,French Grand Prix,2021-06-20,830,48,2,97.459
1059,2021,7,34,French Grand Prix,2021-06-20,830,49,2,97.43
1059,2021,7,34,French Grand Prix,2021-06-20,830,50,2,96.968
1059,2021,7,34,French Grand Prix,2021-06-20,830,51,2,97.413
1059,2021,7,34,French Grand Prix,2021-06-20,830,52,1,96.942
1059,2021,7,34,French Grand Prix,2021-06-20,830,53,1,97.143
1059,2021,7,34,French Grand Prix,2021-06-20,822,1,3,106.833
1059,2021,7,34,French Grand Prix,2021-06-20,822,2,3,100.188
1059,2021,7,34,French Grand Prix,2021-06-20,822,3,3,99.822
1059,2021,7,34,French Grand Prix,2021-06-20,822,4,3,99.889
1059,2021,7,34,French Grand Prix,2021-06-20,822,5,3,99.293
1059,2021,7,34,French Grand Prix,2021-06-20,822,6,3,98.604
1059,2021,7,34,French Grand Prix,2021-06-20,822,7,3,99.51
1059,2021,7,34,French Grand Prix,2021-06-20,822,8,3,99.229
1059,2021,7,34,French Grand Prix,2021-06-20,822,9,3,99.264
1059,2021,7,34,French Grand Prix,2021-06-20,822,10,3,99.018
1059,2021,7,34,French Grand Prix,2021-06-20,822,11,3,99.29
1059,2021,7,34,French Grand Prix,2021-06-20,822,12,3,100.266
1059,2021,7,34,French Grand Prix,2021-06-20,822,13,3,99.473
1059,2021,7,34,French Grand Prix,2021-06-20,822,14,3,99.406
1059,2021,7,34,French Grand Prix,2021-06-20,822,15,3,99.864
1059,2021,7,34,French Grand Prix,2021-06-20,822,16,3,99.239
1059,2021,7,34,French Grand Prix,2021-06-20,822,17,4,119.129
1059,2021,7,34,French Grand Prix,2021-06-20,822,18,4,100.235
1059,2021,7,34,French Grand Prix,2021-06-20,822,19,4,96.96
1059,2021,7,34,French Grand Prix,2021-06-20,822,20,4,97.488
1059,2021,7,34,French Grand Prix,2021-06-20,822,21,4,97.514
1059,2021,7,34,French Grand Prix,2021-06-20,822,22,4,97.377
1059,2021,7,34,French Grand Prix,2021-06-20,822,23,4,97.922
1059,2021,7,34,French Grand Prix,2021-06-20,822,24,3,97.642
1059,2021,7,34,French Grand Prix,2021-06-20,822,25,3,97.799
1059,2021,7,34,French Grand Prix,2021-06-20,822,26,3,99.013
1059,2021,7,34,French Grand Prix,2021-06-20,822,27,3,98.071
1059,2021,7,34,French Grand Prix,2021-06-20,822,28,3,98.291
1059,2021,7,34,French Grand Prix,2021-06-20,822,29,3,98.629
1059,2021,7,34,French Grand Prix,2021-06-20,822,30,3,98.713
1059,2021,7,34,French Grand Prix,2021-06-20,822,31,3,98.982
1059,2021,7,34,French Grand Prix,2021-06-20,822,32,2,98.831
1059,2021,7,34,French Grand Prix,2021-06-20,822,33,2,98.346
1059,2021,7,34,French Grand Prix,2021-06-20,822,34,2,97.702
1059,2021,7,34,French Grand Prix,2021-06-20,822,35,2,98.392
1059,2021,7,34,French Grand Prix,2021-06-20,822,36,2,98.111
1059,2021,7,34,French Grand Prix,2021-06-20,822,37,2,98.188
1059,2021,7,34,French Grand Prix,2021-06-20,822,38,2,97.862
1059,2021,7,34,French Grand Prix,2021-06-20,822,39,2,98.016
1059,2021,7,34,French Grand Prix,2021-06-20,822,40,2,98.738
1059,2021,7,34,French Grand Prix,2021-06-20,822,41,2,98.724
1059,2021,7,34,French Grand Prix,2021-06-20,822,42,2,98.247
1059,2021,7,34,French Grand Prix,2021-06-20,822,43,2,97.612
1059,2021,7,34,French Grand Prix,2021-06-20,822,44,3,99.479
1059,2021,7,34,French Grand Prix,2021-06-20,822,45,3,99.073
1059,2021,7,34,French Grand Prix,2021-06-20,822,46,3,98.719
1059,2021,7,34,French Grand Prix,2021-06-20,822,47,3,97.695
1059,2021,7,34,French Grand Prix,2021-06-20,822,48,3,98.768
1059,2021,7,34,French Grand Prix,2021-06-20,822,49,4,101.084
1059,2021,7,34,French Grand Prix,2021-06-20,822,50,4,99.226
1059,2021,7,34,French Grand Prix,2021-06-20,822,51,4,98.322
1059,2021,7,34,French Grand Prix,2021-06-20,822,52,4,98.44
1059,2021,7,34,French Grand Prix,2021-06-20,822,53,4,97.86
1059,2021,7,34,French Grand Prix,2021-06-20,815,1,4,108.257
1059,2021,7,34,French Grand Prix,2021-06-20,815,2,4,100.612
1059,2021,7,34,French Grand Prix,2021-06-20,815,3,4,100.549
1059,2021,7,34,French Grand Prix,2021-06-20,815,4,4,100.419
1059,2021,7,34,French Grand Prix,2021-06-20,815,5,4,99.998
1059,2021,7,34,French Grand Prix,2021-06-20,815,6,4,99.24
1059,2021,7,34,French Grand Prix,2021-06-20,815,7,4,99.665
1059,2021,7,34,French Grand Prix,2021-06-20,815,8,4,99.072
1059,2021,7,34,French Grand Prix,2021-06-20,815,9,4,99.305
1059,2021,7,34,French Grand Prix,2021-06-20,815,10,4,99.151
1059,2021,7,34,French Grand Prix,2021-06-20,815,11,4,99.303
1059,2021,7,34,French Grand Prix,2021-06-20,815,12,4,99.318
1059,2021,7,34,French Grand Prix,2021-06-20,815,13,4,99.189
1059,2021,7,34,French Grand Prix,2021-06-20,815,14,4,99.37
1059,2021,7,34,French Grand Prix,2021-06-20,815,15,4,100.487
1059,2021,7,34,French Grand Prix,2021-06-20,815,16,4,99.773
1059,2021,7,34,French Grand Prix,2021-06-20,815,17,3,99.364
1059,2021,7,34,French Grand Prix,2021-06-20,815,18,2,99.338
1059,2021,7,34,French Grand Prix,2021-06-20,815,19,1,99.149
1059,2021,7,34,French Grand Prix,2021-06-20,815,20,1,99.52
1059,2021,7,34,French Grand Prix,2021-06-20,815,21,1,99.31
1059,2021,7,34,French Grand Prix,2021-06-20,815,22,1,99.698
1059,2021,7,34,French Grand Prix,2021-06-20,815,23,1,99.1
1059,2021,7,34,French Grand Prix,2021-06-20,815,24,4,118.41
1059,2021,7,34,French Grand Prix,2021-06-20,815,25,4,101.545
1059,2021,7,34,French Grand Prix,2021-06-20,815,26,4,97.404
1059,2021,7,34,French Grand Prix,2021-06-20,815,27,4,97.229
1059,2021,7,34,French Grand Prix,2021-06-20,815,28,4,97.674
1059,2021,7,34,French Grand Prix,2021-06-20,815,29,4,98.056
1059,2021,7,34,French Grand Prix,2021-06-20,815,30,4,97.917
1059,2021,7,34,French Grand Prix,2021-06-20,815,31,4,98.28
1059,2021,7,34,French Grand Prix,2021-06-20,815,32,3,97.801
1059,2021,7,34,French Grand Prix,2021-06-20,815,33,3,98.075
1059,2021,7,34,French Grand Prix,2021-06-20,815,34,3,97.827
1059,2021,7,34,French Grand Prix,2021-06-20,815,35,4,99.396
1059,2021,7,34,French Grand Prix,2021-06-20,815,36,4,97.886
1059,2021,7,34,French Grand Prix,2021-06-20,815,37,4,97.395
1059,2021,7,34,French Grand Prix,2021-06-20,815,38,4,97.154
1059,2021,7,34,French Grand Prix,2021-06-20,815,39,4,97.239
1059,2021,7,34,French Grand Prix,2021-06-20,815,40,4,97.355
1059,2021,7,34,French Grand Prix,2021-06-20,815,41,4,97.351
1059,2021,7,34,French Grand Prix,2021-06-20,815,42,4,97.332
1059,2021,7,34,French Grand Prix,2021-06-20,815,43,4,97.129
1059,2021,7,34,French Grand Prix,2021-06-20,815,44,4,97.161
1059,2021,7,34,French Grand Prix,2021-06-20,815,45,4,97.111
1059,2021,7,34,French Grand Prix,2021-06-20,815,46,4,97.876
1059,2021,7,34,French Grand Prix,2021-06-20,815,47,4,98.172
1059,2021,7,34,French Grand Prix,2021-06-20,815,48,4,98.22
1059,2021,7,34,French Grand Prix,2021-06-20,815,49,3,99.64
1059,2021,7,34,French Grand Prix,2021-06-20,815,50,3,97.578
1059,2021,7,34,French Grand Prix,2021-06-20,815,51,3,97.363
1059,2021,7,34,French Grand Prix,2021-06-20,815,52,3,97.125
1059,2021,7,34,French Grand Prix,2021-06-20,815,53,3,96.693
1059,2021,7,34,French Grand Prix,2021-06-20,832,1,5,108.811
1059,2021,7,34,French Grand Prix,2021-06-20,832,2,5,101.546
1059,2021,7,34,French Grand Prix,2021-06-20,832,3,5,101.069
1059,2021,7,34,French Grand Prix,2021-06-20,832,4,5,101.085
1059,2021,7,34,French Grand Prix,2021-06-20,832,5,5,100.342
1059,2021,7,34,French Grand Prix,2021-06-20,832,6,5,99.836
1059,2021,7,34,French Grand Prix,2021-06-20,832,7,5,100.547
1059,2021,7,34,French Grand Prix,2021-06-20,832,8,5,100.621
1059,2021,7,34,French Grand Prix,2021-06-20,832,9,5,100.779
1059,2021,7,34,French Grand Prix,2021-06-20,832,10,5,100.712
1059,2021,7,34,French Grand Prix,2021-06-20,832,11,5,100.798
1059,2021,7,34,French Grand Prix,2021-06-20,832,12,5,101.268
1059,2021,7,34,French Grand Prix,2021-06-20,832,13,5,101.71
1059,2021,7,34,French Grand Prix,2021-06-20,832,14,5,101.293
1059,2021,7,34,French Grand Prix,2021-06-20,832,15,5,101.62
1059,2021,7,34,French Grand Prix,2021-06-20,832,16,5,101.04
1059,2021,7,34,French Grand Prix,2021-06-20,832,17,13,120.88
1059,2021,7,34,French Grand Prix,2021-06-20,832,18,13,102.99
1059,2021,7,34,French Grand Prix,2021-06-20,832,19,13,98.931
1059,2021,7,34,French Grand Prix,2021-06-20,832,20,13,99.593
1059,2021,7,34,French Grand Prix,2021-06-20,832,21,13,99.751
1059,2021,7,34,French Grand Prix,2021-06-20,832,22,13,100.295
1059,2021,7,34,French Grand Prix,2021-06-20,832,23,12,101.28
1059,2021,7,34,French Grand Prix,2021-06-20,832,24,11,99.971
1059,2021,7,34,French Grand Prix,2021-06-20,832,25,11,100.117
1059,2021,7,34,French Grand Prix,2021-06-20,832,26,10,100.381
1059,2021,7,34,French Grand Prix,2021-06-20,832,27,9,100.212
1059,2021,7,34,French Grand Prix,2021-06-20,832,28,9,100.192
1059,2021,7,34,French Grand Prix,2021-06-20,832,29,8,99.859
1059,2021,7,34,French Grand Prix,2021-06-20,832,30,8,99.878
1059,2021,7,34,French Grand Prix,2021-06-20,832,31,9,100.693
1059,2021,7,34,French Grand Prix,2021-06-20,832,32,9,99.676
1059,2021,7,34,French Grand Prix,2021-06-20,832,33,9,99.169
1059,2021,7,34,French Grand Prix,2021-06-20,832,34,8,99.542
1059,2021,7,34,French Grand Prix,2021-06-20,832,35,8,99.673
1059,2021,7,34,French Grand Prix,2021-06-20,832,36,9,101.853
1059,2021,7,34,French Grand Prix,2021-06-20,832,37,9,101.578
1059,2021,7,34,French Grand Prix,2021-06-20,832,38,9,99.884
1059,2021,7,34,French Grand Prix,2021-06-20,832,39,9,99.491
1059,2021,7,34,French Grand Prix,2021-06-20,832,40,9,99.786
1059,2021,7,34,French Grand Prix,2021-06-20,832,41,9,99.572
1059,2021,7,34,French Grand Prix,2021-06-20,832,42,9,99.194
1059,2021,7,34,French Grand Prix,2021-06-20,832,43,9,98.966
1059,2021,7,34,French Grand Prix,2021-06-20,832,44,10,100.766
1059,2021,7,34,French Grand Prix,2021-06-20,832,45,10,99.338
1059,2021,7,34,French Grand Prix,2021-06-20,832,46,10,99.345
1059,2021,7,34,French Grand Prix,2021-06-20,832,47,10,99.045
1059,2021,7,34,French Grand Prix,2021-06-20,832,48,11,100.585
1059,2021,7,34,French Grand Prix,2021-06-20,832,49,11,99.899
1059,2021,7,34,French Grand Prix,2021-06-20,832,50,11,99.595
1059,2021,7,34,French Grand Prix,2021-06-20,832,51,11,99.512
1059,2021,7,34,French Grand Prix,2021-06-20,832,52,11,99.612
1059,2021,7,34,French Grand Prix,2021-06-20,832,53,11,100.926
1059,2021,7,34,French Grand Prix,2021-06-20,842,1,6,110.025
1059,2021,7,34,French Grand Prix,2021-06-20,842,2,6,101.402
1059,2021,7,34,French Grand Prix,2021-06-20,842,3,6,101.048
1059,2021,7,34,French Grand Prix,2021-06-20,842,4,6,100.899
1059,2021,7,34,French Grand Prix,2021-06-20,842,5,6,100.313
1059,2021,7,34,French Grand Prix,2021-06-20,842,6,6,100.032
1059,2021,7,34,French Grand Prix,2021-06-20,842,7,6,100.629
1059,2021,7,34,French Grand Prix,2021-06-20,842,8,6,100.547
1059,2021,7,34,French Grand Prix,2021-06-20,842,9,6,100.68
1059,2021,7,34,French Grand Prix,2021-06-20,842,10,6,101.339
1059,2021,7,34,French Grand Prix,2021-06-20,842,11,6,101.002
1059,2021,7,34,French Grand Prix,2021-06-20,842,12,6,101.284
1059,2021,7,34,French Grand Prix,2021-06-20,842,13,6,101.17
1059,2021,7,34,French Grand Prix,2021-06-20,842,14,6,101.219
1059,2021,7,34,French Grand Prix,2021-06-20,842,15,6,101.761
1059,2021,7,34,French Grand Prix,2021-06-20,842,16,6,101.027
1059,2021,7,34,French Grand Prix,2021-06-20,842,17,15,121.423
1059,2021,7,34,French Grand Prix,2021-06-20,842,18,14,101.971
1059,2021,7,34,French Grand Prix,2021-06-20,842,19,14,98.878
1059,2021,7,34,French Grand Prix,2021-06-20,842,20,14,99.434
1059,2021,7,34,French Grand Prix,2021-06-20,842,21,14,100.017
1059,2021,7,34,French Grand Prix,2021-06-20,842,22,14,100.019
1059,2021,7,34,French Grand Prix,2021-06-20,842,23,13,101.144
1059,2021,7,34,French Grand Prix,2021-06-20,842,24,12,99.93
1059,2021,7,34,French Grand Prix,2021-06-20,842,25,12,100.126
1059,2021,7,34,French Grand Prix,2021-06-20,842,26,11,100.414
1059,2021,7,34,French Grand Prix,2021-06-20,842,27,10,100.197
1059,2021,7,34,French Grand Prix,2021-06-20,842,28,10,100.76
1059,2021,7,34,French Grand Prix,2021-06-20,842,29,11,100.839
1059,2021,7,34,French Grand Prix,2021-06-20,842,30,10,99.839
1059,2021,7,34,French Grand Prix,2021-06-20,842,31,10,99.851
1059,2021,7,34,French Grand Prix,2021-06-20,842,32,10,99.257
1059,2021,7,34,French Grand Prix,2021-06-20,842,33,10,99.119
1059,2021,7,34,French Grand Prix,2021-06-20,842,34,9,99.334
1059,2021,7,34,French Grand Prix,2021-06-20,842,35,9,99.598
1059,2021,7,34,French Grand Prix,2021-06-20,842,36,8,99.638
1059,2021,7,34,French Grand Prix,2021-06-20,842,37,7,99.242
1059,2021,7,34,French Grand Prix,2021-06-20,842,38,7,98.962
1059,2021,7,34,French Grand Prix,2021-06-20,842,39,7,98.933
1059,2021,7,34,French Grand Prix,2021-06-20,842,40,7,98.783
1059,2021,7,34,French Grand Prix,2021-06-20,842,41,7,98.561
1059,2021,7,34,French Grand Prix,2021-06-20,842,42,7,98.446
1059,2021,7,34,French Grand Prix,2021-06-20,842,43,7,98.19
1059,2021,7,34,French Grand Prix,2021-06-20,842,44,7,98.103
1059,2021,7,34,French Grand Prix,2021-06-20,842,45,7,98.177
1059,2021,7,34,French Grand Prix,2021-06-20,842,46,7,98.4
1059,2021,7,34,French Grand Prix,2021-06-20,842,47,7,98.656
1059,2021,7,34,French Grand Prix,2021-06-20,842,48,7,98.13
1059,2021,7,34,French Grand Prix,2021-06-20,842,49,7,98.525
1059,2021,7,34,French Grand Prix,2021-06-20,842,50,7,98.53
1059,2021,7,34,French Grand Prix,2021-06-20,842,51,7,98.642
1059,2021,7,34,French Grand Prix,2021-06-20,842,52,7,98.732
1059,2021,7,34,French Grand Prix,2021-06-20,842,53,7,99.189
1059,2021,7,34,French Grand Prix,2021-06-20,844,1,7,110.607
1059,2021,7,34,French Grand Prix,2021-06-20,844,2,7,101.749
1059,2021,7,34,French Grand Prix,2021-06-20,844,3,7,100.847
1059,2021,7,34,French Grand Prix,2021-06-20,844,4,7,101.116
1059,2021,7,34,French Grand Prix,2021-06-20,844,5,7,100.393
1059,2021,7,34,French Grand Prix,2021-06-20,844,6,7,100.017
1059,2021,7,34,French Grand Prix,2021-06-20,844,7,7,100.773
1059,2021,7,34,French Grand Prix,2021-06-20,844,8,7,101.148
1059,2021,7,34,French Grand Prix,2021-06-20,844,9,7,100.515
1059,2021,7,34,French Grand Prix,2021-06-20,844,10,7,100.735
1059,2021,7,34,French Grand Prix,2021-06-20,844,11,7,101.078
1059,2021,7,34,French Grand Prix,2021-06-20,844,12,7,101.217
1059,2021,7,34,French Grand Prix,2021-06-20,844,13,7,101.278
1059,2021,7,34,French Grand Prix,2021-06-20,844,14,18,122.349
1059,2021,7,34,French Grand Prix,2021-06-20,844,15,17,102.242
1059,2021,7,34,French Grand Prix,2021-06-20,844,16,17,99.038
1059,2021,7,34,French Grand Prix,2021-06-20,844,17,14,99.286
1059,2021,7,34,French Grand Prix,2021-06-20,844,18,11,99.511
1059,2021,7,34,French Grand Prix,2021-06-20,844,19,11,99.538
1059,2021,7,34,French Grand Prix,2021-06-20,844,20,11,99.771
1059,2021,7,34,French Grand Prix,2021-06-20,844,21,11,100.259
1059,2021,7,34,French Grand Prix,2021-06-20,844,22,10,100.024
1059,2021,7,34,French Grand Prix,2021-06-20,844,23,10,100.061
1059,2021,7,34,French Grand Prix,2021-06-20,844,24,8,100.147
1059,2021,7,34,French Grand Prix,2021-06-20,844,25,8,100.324
1059,2021,7,34,French Grand Prix,2021-06-20,844,26,7,100.997
1059,2021,7,34,French Grand Prix,2021-06-20,844,27,7,100.458
1059,2021,7,34,French Grand Prix,2021-06-20,844,28,8,101.931
1059,2021,7,34,French Grand Prix,2021-06-20,844,29,10,102.017
1059,2021,7,34,French Grand Prix,2021-06-20,844,30,11,102.483
1059,2021,7,34,French Grand Prix,2021-06-20,844,31,12,101.553
1059,2021,7,34,French Grand Prix,2021-06-20,844,32,12,100.96
1059,2021,7,34,French Grand Prix,2021-06-20,844,33,12,100.012
1059,2021,7,34,French Grand Prix,2021-06-20,844,34,11,99.967
1059,2021,7,34,French Grand Prix,2021-06-20,844,35,11,100.273
1059,2021,7,34,French Grand Prix,2021-06-20,844,36,11,99.358
1059,2021,7,34,French Grand Prix,2021-06-20,844,37,10,99.526
1059,2021,7,34,French Grand Prix,2021-06-20,844,38,16,119.965
1059,2021,7,34,French Grand Prix,2021-06-20,844,39,16,101.981
1059,2021,7,34,French Grand Prix,2021-06-20,844,40,16,97.947
1059,2021,7,34,French Grand Prix,2021-06-20,844,41,16,97.796
1059,2021,7,34,French Grand Prix,2021-06-20,844,42,16,97.898
1059,2021,7,34,French Grand Prix,2021-06-20,844,43,16,97.681
1059,2021,7,34,French Grand Prix,2021-06-20,844,44,16,98.246
1059,2021,7,34,French Grand Prix,2021-06-20,844,45,16,101.125
1059,2021,7,34,French Grand Prix,2021-06-20,844,46,16,99.088
1059,2021,7,34,French Grand Prix,2021-06-20,844,47,16,103.009
1059,2021,7,34,French Grand Prix,2021-06-20,844,48,16,99.585
1059,2021,7,34,French Grand Prix,2021-06-20,844,49,16,99.825
1059,2021,7,34,French Grand Prix,2021-06-20,844,50,16,100.328
1059,2021,7,34,French Grand Prix,2021-06-20,844,51,16,99.142
1059,2021,7,34,French Grand Prix,2021-06-20,844,52,16,99.47
1059,2021,7,34,French Grand Prix,2021-06-20,4,1,8,110.69
1059,2021,7,34,French Grand Prix,2021-06-20,4,2,8,102.37
1059,2021,7,34,French Grand Prix,2021-06-20,4,3,8,100.797
1059,2021,7,34,French Grand Prix,2021-06-20,4,4,8,101.498
1059,2021,7,34,French Grand Prix,2021-06-20,4,5,8,100.733
1059,2021,7,34,French Grand Prix,2021-06-20,4,6,8,100.604
1059,2021,7,34,French Grand Prix,2021-06-20,4,7,8,100.749
1059,2021,7,34,French Grand Prix,2021-06-20,4,8,8,100.907
1059,2021,7,34,French Grand Prix,2021-06-20,4,9,8,100.544
1059,2021,7,34,French Grand Prix,2021-06-20,4,10,8,100.802
1059,2021,7,34,French Grand Prix,2021-06-20,4,11,10,103.221
1059,2021,7,34,French Grand Prix,2021-06-20,4,12,10,101.151
1059,2021,7,34,French Grand Prix,2021-06-20,4,13,11,102.744
1059,2021,7,34,French Grand Prix,2021-06-20,4,14,10,101.37
1059,2021,7,34,French Grand Prix,2021-06-20,4,15,10,101.883
1059,2021,7,34,French Grand Prix,2021-06-20,4,16,9,101.443
1059,2021,7,34,French Grand Prix,2021-06-20,4,17,7,101.145
1059,2021,7,34,French Grand Prix,2021-06-20,4,18,15,121.622
1059,2021,7,34,French Grand Prix,2021-06-20,4,19,15,101.935
1059,2021,7,34,French Grand Prix,2021-06-20,4,20,15,99.372
1059,2021,7,34,French Grand Prix,2021-06-20,4,21,15,99.278
1059,2021,7,34,French Grand Prix,2021-06-20,4,22,15,99.378
1059,2021,7,34,French Grand Prix,2021-06-20,4,23,15,99.951
1059,2021,7,34,French Grand Prix,2021-06-20,4,24,15,99.644
1059,2021,7,34,French Grand Prix,2021-06-20,4,25,15,99.894
1059,2021,7,34,French Grand Prix,2021-06-20,4,26,15,99.824
1059,2021,7,34,French Grand Prix,2021-06-20,4,27,14,98.842
1059,2021,7,34,French Grand Prix,2021-06-20,4,28,12,100.018
1059,2021,7,34,French Grand Prix,2021-06-20,4,29,12,99.534
1059,2021,7,34,French Grand Prix,2021-06-20,4,30,12,100.623
1059,2021,7,34,French Grand Prix,2021-06-20,4,31,11,99.902
1059,2021,7,34,French Grand Prix,2021-06-20,4,32,11,99.502
1059,2021,7,34,French Grand Prix,2021-06-20,4,33,11,98.918
1059,2021,7,34,French Grand Prix,2021-06-20,4,34,10,98.554
1059,2021,7,34,French Grand Prix,2021-06-20,4,35,10,98.716
1059,2021,7,34,French Grand Prix,2021-06-20,4,36,10,100.008
1059,2021,7,34,French Grand Prix,2021-06-20,4,37,8,99.064
1059,2021,7,34,French Grand Prix,2021-06-20,4,38,8,98.981
1059,2021,7,34,French Grand Prix,2021-06-20,4,39,8,99.412
1059,2021,7,34,French Grand Prix,2021-06-20,4,40,8,99.203
1059,2021,7,34,French Grand Prix,2021-06-20,4,41,8,98.463
1059,2021,7,34,French Grand Prix,2021-06-20,4,42,8,98.633
1059,2021,7,34,French Grand Prix,2021-06-20,4,43,8,97.783
1059,2021,7,34,French Grand Prix,2021-06-20,4,44,8,97.646
1059,2021,7,34,French Grand Prix,2021-06-20,4,45,8,98.141
1059,2021,7,34,French Grand Prix,2021-06-20,4,46,8,97.991
1059,2021,7,34,French Grand Prix,2021-06-20,4,47,8,98.087
1059,2021,7,34,French Grand Prix,2021-06-20,4,48,8,98.18
1059,2021,7,34,French Grand Prix,2021-06-20,4,49,8,98.572
1059,2021,7,34,French Grand Prix,2021-06-20,4,50,8,98.783
1059,2021,7,34,French Grand Prix,2021-06-20,4,51,8,98.292
1059,2021,7,34,French Grand Prix,2021-06-20,4,52,8,98.613
1059,2021,7,34,French Grand Prix,2021-06-20,4,53,8,99.455
1059,2021,7,34,French Grand Prix,2021-06-20,817,1,9,111.35
1059,2021,7,34,French Grand Prix,2021-06-20,817,2,9,102.492
1059,2021,7,34,French Grand Prix,2021-06-20,817,3,9,101.218
1059,2021,7,34,French Grand Prix,2021-06-20,817,4,9,101.124
1059,2021,7,34,French Grand Prix,2021-06-20,817,5,9,100.531
1059,2021,7,34,French Grand Prix,2021-06-20,817,6,9,100.425
1059,2021,7,34,French Grand Prix,2021-06-20,817,7,9,100.86
1059,2021,7,34,French Grand Prix,2021-06-20,817,8,9,100.85
1059,2021,7,34,French Grand Prix,2021-06-20,817,9,9,100.741
1059,2021,7,34,French Grand Prix,2021-06-20,817,10,9,100.515
1059,2021,7,34,French Grand Prix,2021-06-20,817,11,8,100.862
1059,2021,7,34,French Grand Prix,2021-06-20,817,12,8,100.622
1059,2021,7,34,French Grand Prix,2021-06-20,817,13,8,100.757
1059,2021,7,34,French Grand Prix,2021-06-20,817,14,7,100.424
1059,2021,7,34,French Grand Prix,2021-06-20,817,15,7,101.634
1059,2021,7,34,French Grand Prix,2021-06-20,817,16,16,120.026
1059,2021,7,34,French Grand Prix,2021-06-20,817,17,16,102.037
1059,2021,7,34,French Grand Prix,2021-06-20,817,18,12,99.309
1059,2021,7,34,French Grand Prix,2021-06-20,817,19,12,99.203
1059,2021,7,34,French Grand Prix,2021-06-20,817,20,12,99.372
1059,2021,7,34,French Grand Prix,2021-06-20,817,21,12,99.683
1059,2021,7,34,French Grand Prix,2021-06-20,817,22,12,101.066
1059,2021,7,34,French Grand Prix,2021-06-20,817,23,11,100.251
1059,2021,7,34,French Grand Prix,2021-06-20,817,24,10,100.011
1059,2021,7,34,French Grand Prix,2021-06-20,817,25,9,99.909
1059,2021,7,34,French Grand Prix,2021-06-20,817,26,9,101.135
1059,2021,7,34,French Grand Prix,2021-06-20,817,27,8,100.073
1059,2021,7,34,French Grand Prix,2021-06-20,817,28,7,99.187
1059,2021,7,34,French Grand Prix,2021-06-20,817,29,7,99.697
1059,2021,7,34,French Grand Prix,2021-06-20,817,30,7,99.663
1059,2021,7,34,French Grand Prix,2021-06-20,817,31,7,99.51
1059,2021,7,34,French Grand Prix,2021-06-20,817,32,7,99.037
1059,2021,7,34,French Grand Prix,2021-06-20,817,33,8,99.398
1059,2021,7,34,French Grand Prix,2021-06-20,817,34,7,99.284
1059,2021,7,34,French Grand Prix,2021-06-20,817,35,7,98.852
1059,2021,7,34,French Grand Prix,2021-06-20,817,36,7,99.165
1059,2021,7,34,French Grand Prix,2021-06-20,817,37,6,99.217
1059,2021,7,34,French Grand Prix,2021-06-20,817,38,6,99.431
1059,2021,7,34,French Grand Prix,2021-06-20,817,39,6,99.117
1059,2021,7,34,French Grand Prix,2021-06-20,817,40,6,99.15
1059,2021,7,34,French Grand Prix,2021-06-20,817,41,6,99.066
1059,2021,7,34,French Grand Prix,2021-06-20,817,42,6,98.608
1059,2021,7,34,French Grand Prix,2021-06-20,817,43,6,98.717
1059,2021,7,34,French Grand Prix,2021-06-20,817,44,6,98.693
1059,2021,7,34,French Grand Prix,2021-06-20,817,45,6,98.324
1059,2021,7,34,French Grand Prix,2021-06-20,817,46,6,98.661
1059,2021,7,34,French Grand Prix,2021-06-20,817,47,6,99.251
1059,2021,7,34,French Grand Prix,2021-06-20,817,48,6,99.017
1059,2021,7,34,French Grand Prix,2021-06-20,817,49,6,98.72
1059,2021,7,34,French Grand Prix,2021-06-20,817,50,6,98.604
1059,2021,7,34,French Grand Prix,2021-06-20,817,51,6,98.775
1059,2021,7,34,French Grand Prix,2021-06-20,817,52,6,98.787
1059,2021,7,34,French Grand Prix,2021-06-20,817,53,6,99.216
1059,2021,7,34,French Grand Prix,2021-06-20,846,1,10,111.536
1059,2021,7,34,French Grand Prix,2021-06-20,846,2,10,103.526
1059,2021,7,34,French Grand Prix,2021-06-20,846,3,10,101.389
1059,2021,7,34,French Grand Prix,2021-06-20,846,4,10,101.538
1059,2021,7,34,French Grand Prix,2021-06-20,846,5,10,100.54
1059,2021,7,34,French Grand Prix,2021-06-20,846,6,10,100.359
1059,2021,7,34,French Grand Prix,2021-06-20,846,7,10,100.873
1059,2021,7,34,French Grand Prix,2021-06-20,846,8,10,100.685
1059,2021,7,34,French Grand Prix,2021-06-20,846,9,10,100.358
1059,2021,7,34,French Grand Prix,2021-06-20,846,10,10,100.548
1059,2021,7,34,French Grand Prix,2021-06-20,846,11,9,100.42
1059,2021,7,34,French Grand Prix,2021-06-20,846,12,9,100.669
1059,2021,7,34,French Grand Prix,2021-06-20,846,13,9,100.889
1059,2021,7,34,French Grand Prix,2021-06-20,846,14,8,100.995
1059,2021,7,34,French Grand Prix,2021-06-20,846,15,8,101.272
1059,2021,7,34,French Grand Prix,2021-06-20,846,16,7,101.155
1059,2021,7,34,French Grand Prix,2021-06-20,846,17,5,100.294
1059,2021,7,34,French Grand Prix,2021-06-20,846,18,5,99.936
1059,2021,7,34,French Grand Prix,2021-06-20,846,19,5,99.869
1059,2021,7,34,French Grand Prix,2021-06-20,846,20,5,100.503
1059,2021,7,34,French Grand Prix,2021-06-20,846,21,5,100.319
1059,2021,7,34,French Grand Prix,2021-06-20,846,22,5,99.912
1059,2021,7,34,French Grand Prix,2021-06-20,846,23,5,100.393
1059,2021,7,34,French Grand Prix,2021-06-20,846,24,13,120.36
1059,2021,7,34,French Grand Prix,2021-06-20,846,25,14,103.254
1059,2021,7,34,French Grand Prix,2021-06-20,846,26,13,98.66
1059,2021,7,34,French Grand Prix,2021-06-20,846,27,11,98.257
1059,2021,7,34,French Grand Prix,2021-06-20,846,28,11,100.829
1059,2021,7,34,French Grand Prix,2021-06-20,846,29,9,99.322
1059,2021,7,34,French Grand Prix,2021-06-20,846,30,9,99.289
1059,2021,7,34,French Grand Prix,2021-06-20,846,31,8,98.263
1059,2021,7,34,French Grand Prix,2021-06-20,846,32,8,98.281
1059,2021,7,34,French Grand Prix,2021-06-20,846,33,7,97.485
1059,2021,7,34,French Grand Prix,2021-06-20,846,34,6,98.019
1059,2021,7,34,French Grand Prix,2021-06-20,846,35,6,98.76
1059,2021,7,34,French Grand Prix,2021-06-20,846,36,6,98.629
1059,2021,7,34,French Grand Prix,2021-06-20,846,37,5,98.607
1059,2021,7,34,French Grand Prix,2021-06-20,846,38,5,98.43
1059,2021,7,34,French Grand Prix,2021-06-20,846,39,5,98.508
1059,2021,7,34,French Grand Prix,2021-06-20,846,40,5,98.552
1059,2021,7,34,French Grand Prix,2021-06-20,846,41,5,99.11
1059,2021,7,34,French Grand Prix,2021-06-20,846,42,5,98.536
1059,2021,7,34,French Grand Prix,2021-06-20,846,43,5,98.715
1059,2021,7,34,French Grand Prix,2021-06-20,846,44,5,98.344
1059,2021,7,34,French Grand Prix,2021-06-20,846,45,5,98.126
1059,2021,7,34,French Grand Prix,2021-06-20,846,46,5,98.485
1059,2021,7,34,French Grand Prix,2021-06-20,846,47,5,98.955
1059,2021,7,34,French Grand Prix,2021-06-20,846,48,5,98.428
1059,2021,7,34,French Grand Prix,2021-06-20,846,49,5,98.467
1059,2021,7,34,French Grand Prix,2021-06-20,846,50,5,98.374
1059,2021,7,34,French Grand Prix,2021-06-20,846,51,5,97.895
1059,2021,7,34,French Grand Prix,2021-06-20,846,52,5,97.425
1059,2021,7,34,French Grand Prix,2021-06-20,846,53,5,97.459
1059,2021,7,34,French Grand Prix,2021-06-20,839,1,11,112.392
1059,2021,7,34,French Grand Prix,2021-06-20,839,2,12,103.919
1059,2021,7,34,French Grand Prix,2021-06-20,839,3,12,101.83
1059,2021,7,34,French Grand Prix,2021-06-20,839,4,12,101.55
1059,2021,7,34,French Grand Prix,2021-06-20,839,5,12,101.021
1059,2021,7,34,French Grand Prix,2021-06-20,839,6,12,100.536
1059,2021,7,34,French Grand Prix,2021-06-20,839,7,12,100.917
1059,2021,7,34,French Grand Prix,2021-06-20,839,8,12,100.817
1059,2021,7,34,French Grand Prix,2021-06-20,839,9,12,100.751
1059,2021,7,34,French Grand Prix,2021-06-20,839,10,12,100.979
1059,2021,7,34,French Grand Prix,2021-06-20,839,11,12,100.829
1059,2021,7,34,French Grand Prix,2021-06-20,839,12,12,100.982
1059,2021,7,34,French Grand Prix,2021-06-20,839,13,12,101.259
1059,2021,7,34,French Grand Prix,2021-06-20,839,14,11,101.429
1059,2021,7,34,French Grand Prix,2021-06-20,839,15,11,101.614
1059,2021,7,34,French Grand Prix,2021-06-20,839,16,10,101.604
1059,2021,7,34,French Grand Prix,2021-06-20,839,17,8,101.133
1059,2021,7,34,French Grand Prix,2021-06-20,839,18,7,100.801
1059,2021,7,34,French Grand Prix,2021-06-20,839,19,8,101.821
1059,2021,7,34,French Grand Prix,2021-06-20,839,20,8,101.649
1059,2021,7,34,French Grand Prix,2021-06-20,839,21,8,101.387
1059,2021,7,34,French Grand Prix,2021-06-20,839,22,8,101.386
1059,2021,7,34,French Grand Prix,2021-06-20,839,23,8,100.92
1059,2021,7,34,French Grand Prix,2021-06-20,839,24,7,100.995
1059,2021,7,34,French Grand Prix,2021-06-20,839,25,7,100.981
1059,2021,7,34,French Grand Prix,2021-06-20,839,26,8,102.701
1059,2021,7,34,French Grand Prix,2021-06-20,839,27,12,103.355
1059,2021,7,34,French Grand Prix,2021-06-20,839,28,16,120.943
1059,2021,7,34,French Grand Prix,2021-06-20,839,29,17,103.459
1059,2021,7,34,French Grand Prix,2021-06-20,839,30,17,99.876
1059,2021,7,34,French Grand Prix,2021-06-20,839,31,16,98.995
1059,2021,7,34,French Grand Prix,2021-06-20,839,32,16,98.808
1059,2021,7,34,French Grand Prix,2021-06-20,839,33,15,98.645
1059,2021,7,34,French Grand Prix,2021-06-20,839,34,15,98.961
1059,2021,7,34,French Grand Prix,2021-06-20,839,35,15,98.689
1059,2021,7,34,French Grand Prix,2021-06-20,839,36,15,98.894
1059,2021,7,34,French Grand Prix,2021-06-20,839,37,15,98.995
1059,2021,7,34,French Grand Prix,2021-06-20,839,38,14,99.377
1059,2021,7,34,French Grand Prix,2021-06-20,839,39,14,99.509
1059,2021,7,34,French Grand Prix,2021-06-20,839,40,14,99.409
1059,2021,7,34,French Grand Prix,2021-06-20,839,41,14,99.101
1059,2021,7,34,French Grand Prix,2021-06-20,839,42,14,99.353
1059,2021,7,34,French Grand Prix,2021-06-20,839,43,14,99.051
1059,2021,7,34,French Grand Prix,2021-06-20,839,44,14,98.869
1059,2021,7,34,French Grand Prix,2021-06-20,839,45,14,100.793
1059,2021,7,34,French Grand Prix,2021-06-20,839,46,14,99.02
1059,2021,7,34,French Grand Prix,2021-06-20,839,47,14,101.021
1059,2021,7,34,French Grand Prix,2021-06-20,839,48,14,99.061
1059,2021,7,34,French Grand Prix,2021-06-20,839,49,14,99.089
1059,2021,7,34,French Grand Prix,2021-06-20,839,50,14,99.644
1059,2021,7,34,French Grand Prix,2021-06-20,839,51,14,100.463
1059,2021,7,34,French Grand Prix,2021-06-20,839,52,14,99.304
1059,2021,7,34,French Grand Prix,2021-06-20,20,1,12,112.847
1059,2021,7,34,French Grand Prix,2021-06-20,20,2,11,102.974
1059,2021,7,34,French Grand Prix,2021-06-20,20,3,11,101.46
1059,2021,7,34,French Grand Prix,2021-06-20,20,4,11,101.728
1059,2021,7,34,French Grand Prix,2021-06-20,20,5,11,100.534
1059,2021,7,34,French Grand Prix,2021-06-20,20,6,11,100.476
1059,2021,7,34,French Grand Prix,2021-06-20,20,7,11,100.941
1059,2021,7,34,French Grand Prix,2021-06-20,20,8,11,100.59
1059,2021,7,34,French Grand Prix,2021-06-20,20,9,11,100.571
1059,2021,7,34,French Grand Prix,2021-06-20,20,10,11,100.489
1059,2021,7,34,French Grand Prix,2021-06-20,20,11,11,100.72
1059,2021,7,34,French Grand Prix,2021-06-20,20,12,11,101.062
1059,2021,7,34,French Grand Prix,2021-06-20,20,13,10,101.036
1059,2021,7,34,French Grand Prix,2021-06-20,20,14,9,100.691
1059,2021,7,34,French Grand Prix,2021-06-20,20,15,9,101.023
1059,2021,7,34,French Grand Prix,2021-06-20,20,16,8,100.751
1059,2021,7,34,French Grand Prix,2021-06-20,20,17,6,100.62
1059,2021,7,34,French Grand Prix,2021-06-20,20,18,6,100.256
1059,2021,7,34,French Grand Prix,2021-06-20,20,19,6,100.012
1059,2021,7,34,French Grand Prix,2021-06-20,20,20,6,100.007
1059,2021,7,34,French Grand Prix,2021-06-20,20,21,6,100.448
1059,2021,7,34,French Grand Prix,2021-06-20,20,22,6,100.008
1059,2021,7,34,French Grand Prix,2021-06-20,20,23,6,100.134
1059,2021,7,34,French Grand Prix,2021-06-20,20,24,5,100.315
1059,2021,7,34,French Grand Prix,2021-06-20,20,25,5,100.275
1059,2021,7,34,French Grand Prix,2021-06-20,20,26,5,100.295
1059,2021,7,34,French Grand Prix,2021-06-20,20,27,5,99.808
1059,2021,7,34,French Grand Prix,2021-06-20,20,28,5,103.439
1059,2021,7,34,French Grand Prix,2021-06-20,20,29,5,100.288
1059,2021,7,34,French Grand Prix,2021-06-20,20,30,5,100.142
1059,2021,7,34,French Grand Prix,2021-06-20,20,31,5,100.88
1059,2021,7,34,French Grand Prix,2021-06-20,20,32,5,100.619
1059,2021,7,34,French Grand Prix,2021-06-20,20,33,5,100.019
1059,2021,7,34,French Grand Prix,2021-06-20,20,34,5,99.509
1059,2021,7,34,French Grand Prix,2021-06-20,20,35,5,99.398
1059,2021,7,34,French Grand Prix,2021-06-20,20,36,5,99.595
1059,2021,7,34,French Grand Prix,2021-06-20,20,37,11,119.971
1059,2021,7,34,French Grand Prix,2021-06-20,20,38,10,102.044
1059,2021,7,34,French Grand Prix,2021-06-20,20,39,10,98.488
1059,2021,7,34,French Grand Prix,2021-06-20,20,40,10,98.498
1059,2021,7,34,French Grand Prix,2021-06-20,20,41,10,98.427
1059,2021,7,34,French Grand Prix,2021-06-20,20,42,10,97.967
1059,2021,7,34,French Grand Prix,2021-06-20,20,43,10,97.88
1059,2021,7,34,French Grand Prix,2021-06-20,20,44,9,98.298
1059,2021,7,34,French Grand Prix,2021-06-20,20,45,9,98.326
1059,2021,7,34,French Grand Prix,2021-06-20,20,46,9,97.799
1059,2021,7,34,French Grand Prix,2021-06-20,20,47,9,97.866
1059,2021,7,34,French Grand Prix,2021-06-20,20,48,9,97.554
1059,2021,7,34,French Grand Prix,2021-06-20,20,49,9,97.878
1059,2021,7,34,French Grand Prix,2021-06-20,20,50,9,97.615
1059,2021,7,34,French Grand Prix,2021-06-20,20,51,9,98.08
1059,2021,7,34,French Grand Prix,2021-06-20,20,52,9,97.138
1059,2021,7,34,French Grand Prix,2021-06-20,20,53,9,97.647
1059,2021,7,34,French Grand Prix,2021-06-20,841,1,13,113.165
1059,2021,7,34,French Grand Prix,2021-06-20,841,2,13,103.587
1059,2021,7,34,French Grand Prix,2021-06-20,841,3,13,102.095
1059,2021,7,34,French Grand Prix,2021-06-20,841,4,13,101.479
1059,2021,7,34,French Grand Prix,2021-06-20,841,5,13,101.075
1059,2021,7,34,French Grand Prix,2021-06-20,841,6,13,100.7
1059,2021,7,34,French Grand Prix,2021-06-20,841,7,13,100.89
1059,2021,7,34,French Grand Prix,2021-06-20,841,8,13,100.877
1059,2021,7,34,French Grand Prix,2021-06-20,841,9,13,100.844
1059,2021,7,34,French Grand Prix,2021-06-20,841,10,13,100.772
1059,2021,7,34,French Grand Prix,2021-06-20,841,11,13,100.821
1059,2021,7,34,French Grand Prix,2021-06-20,841,12,13,100.972
1059,2021,7,34,French Grand Prix,2021-06-20,841,13,13,101.689
1059,2021,7,34,French Grand Prix,2021-06-20,841,14,13,102.464
1059,2021,7,34,French Grand Prix,2021-06-20,841,15,13,101.517
1059,2021,7,34,French Grand Prix,2021-06-20,841,16,12,101.389
1059,2021,7,34,French Grand Prix,2021-06-20,841,17,10,101.51
1059,2021,7,34,French Grand Prix,2021-06-20,841,18,9,100.977
1059,2021,7,34,French Grand Prix,2021-06-20,841,19,9,100.954
1059,2021,7,34,French Grand Prix,2021-06-20,841,20,9,101.627
1059,2021,7,34,French Grand Prix,2021-06-20,841,21,9,101.425
1059,2021,7,34,French Grand Prix,2021-06-20,841,22,9,101.178
1059,2021,7,34,French Grand Prix,2021-06-20,841,23,9,100.968
1059,2021,7,34,French Grand Prix,2021-06-20,841,24,9,101.855
1059,2021,7,34,French Grand Prix,2021-06-20,841,25,10,101.701
1059,2021,7,34,French Grand Prix,2021-06-20,841,26,12,102.644
1059,2021,7,34,French Grand Prix,2021-06-20,841,27,13,101.381
1059,2021,7,34,French Grand Prix,2021-06-20,841,28,18,121.408
1059,2021,7,34,French Grand Prix,2021-06-20,841,29,18,103.02
1059,2021,7,34,French Grand Prix,2021-06-20,841,30,18,99.571
1059,2021,7,34,French Grand Prix,2021-06-20,841,31,18,99.921
1059,2021,7,34,French Grand Prix,2021-06-20,841,32,17,99.473
1059,2021,7,34,French Grand Prix,2021-06-20,841,33,16,99.253
1059,2021,7,34,French Grand Prix,2021-06-20,841,34,16,99.029
1059,2021,7,34,French Grand Prix,2021-06-20,841,35,16,99.194
1059,2021,7,34,French Grand Prix,2021-06-20,841,36,16,98.702
1059,2021,7,34,French Grand Prix,2021-06-20,841,37,16,98.999
1059,2021,7,34,French Grand Prix,2021-06-20,841,38,15,99.007
1059,2021,7,34,French Grand Prix,2021-06-20,841,39,15,99.297
1059,2021,7,34,French Grand Prix,2021-06-20,841,40,15,99.272
1059,2021,7,34,French Grand Prix,2021-06-20,841,41,15,99.051
1059,2021,7,34,French Grand Prix,2021-06-20,841,42,15,99.05
1059,2021,7,34,French Grand Prix,2021-06-20,841,43,15,99.051
1059,2021,7,34,French Grand Prix,2021-06-20,841,44,15,100.508
1059,2021,7,34,French Grand Prix,2021-06-20,841,45,15,99.648
1059,2021,7,34,French Grand Prix,2021-06-20,841,46,15,100.462
1059,2021,7,34,French Grand Prix,2021-06-20,841,47,15,99.2
1059,2021,7,34,French Grand Prix,2021-06-20,841,48,15,99.251
1059,2021,7,34,French Grand Prix,2021-06-20,841,49,15,99.082
1059,2021,7,34,French Grand Prix,2021-06-20,841,50,15,100.691
1059,2021,7,34,French Grand Prix,2021-06-20,841,51,15,101.488
1059,2021,7,34,French Grand Prix,2021-06-20,841,52,15,99.182
1059,2021,7,34,French Grand Prix,2021-06-20,8,1,14,113.586
1059,2021,7,34,French Grand Prix,2021-06-20,8,2,14,103.743
1059,2021,7,34,French Grand Prix,2021-06-20,8,3,14,102.222
1059,2021,7,34,French Grand Prix,2021-06-20,8,4,14,101.28
1059,2021,7,34,French Grand Prix,2021-06-20,8,5,14,101.507
1059,2021,7,34,French Grand Prix,2021-06-20,8,6,14,100.619
1059,2021,7,34,French Grand Prix,2021-06-20,8,7,14,101.099
1059,2021,7,34,French Grand Prix,2021-06-20,8,8,14,100.594
1059,2021,7,34,French Grand Prix,2021-06-20,8,9,15,102.03
1059,2021,7,34,French Grand Prix,2021-06-20,8,10,15,100.873
1059,2021,7,34,French Grand Prix,2021-06-20,8,11,15,101.208
1059,2021,7,34,French Grand Prix,2021-06-20,8,12,15,101.053
1059,2021,7,34,French Grand Prix,2021-06-20,8,13,15,101.151
1059,2021,7,34,French Grand Prix,2021-06-20,8,14,14,101.244
1059,2021,7,34,French Grand Prix,2021-06-20,8,15,14,101.429
1059,2021,7,34,French Grand Prix,2021-06-20,8,16,13,102.199
1059,2021,7,34,French Grand Prix,2021-06-20,8,17,11,101.546
1059,2021,7,34,French Grand Prix,2021-06-20,8,18,10,101.138
1059,2021,7,34,French Grand Prix,2021-06-20,8,19,10,101.163
1059,2021,7,34,French Grand Prix,2021-06-20,8,20,10,101.318
1059,2021,7,34,French Grand Prix,2021-06-20,8,21,10,101.219
1059,2021,7,34,French Grand Prix,2021-06-20,8,22,11,102.572
1059,2021,7,34,French Grand Prix,2021-06-20,8,23,14,103.56
1059,2021,7,34,French Grand Prix,2021-06-20,8,24,14,101.313
1059,2021,7,34,French Grand Prix,2021-06-20,8,25,13,100.98
1059,2021,7,34,French Grand Prix,2021-06-20,8,26,14,101.609
1059,2021,7,34,French Grand Prix,2021-06-20,8,27,15,101.201
1059,2021,7,34,French Grand Prix,2021-06-20,8,28,13,101.337
1059,2021,7,34,French Grand Prix,2021-06-20,8,29,13,100.847
1059,2021,7,34,French Grand Prix,2021-06-20,8,30,13,101.473
1059,2021,7,34,French Grand Prix,2021-06-20,8,31,13,101.073
1059,2021,7,34,French Grand Prix,2021-06-20,8,32,13,101.973
1059,2021,7,34,French Grand Prix,2021-06-20,8,33,18,122.988
1059,2021,7,34,French Grand Prix,2021-06-20,8,34,18,100.906
1059,2021,7,34,French Grand Prix,2021-06-20,8,35,18,98.368
1059,2021,7,34,French Grand Prix,2021-06-20,8,36,18,100.902
1059,2021,7,34,French Grand Prix,2021-06-20,8,37,18,98.441
1059,2021,7,34,French Grand Prix,2021-06-20,8,38,18,98.631
1059,2021,7,34,French Grand Prix,2021-06-20,8,39,17,99.131
1059,2021,7,34,French Grand Prix,2021-06-20,8,40,17,100.052
1059,2021,7,34,French Grand Prix,2021-06-20,8,41,17,98.406
1059,2021,7,34,French Grand Prix,2021-06-20,8,42,17,98.117
1059,2021,7,34,French Grand Prix,2021-06-20,8,43,17,99.962
1059,2021,7,34,French Grand Prix,2021-06-20,8,44,17,98.171
1059,2021,7,34,French Grand Prix,2021-06-20,8,45,17,98.351
1059,2021,7,34,French Grand Prix,2021-06-20,8,46,17,97.992
1059,2021,7,34,French Grand Prix,2021-06-20,8,47,17,98.786
1059,2021,7,34,French Grand Prix,2021-06-20,8,48,17,99.054
1059,2021,7,34,French Grand Prix,2021-06-20,8,49,17,99.902
1059,2021,7,34,French Grand Prix,2021-06-20,8,50,17,100.353
1059,2021,7,34,French Grand Prix,2021-06-20,8,51,17,100.236
1059,2021,7,34,French Grand Prix,2021-06-20,8,52,17,99.546
1059,2021,7,34,French Grand Prix,2021-06-20,849,1,15,114.228
1059,2021,7,34,French Grand Prix,2021-06-20,849,2,16,104.439
1059,2021,7,34,French Grand Prix,2021-06-20,849,3,16,102.496
1059,2021,7,34,French Grand Prix,2021-06-20,849,4,17,103.552
1059,2021,7,34,French Grand Prix,2021-06-20,849,5,17,101.738
1059,2021,7,34,French Grand Prix,2021-06-20,849,6,17,101.116
1059,2021,7,34,French Grand Prix,2021-06-20,849,7,17,101.564
1059,2021,7,34,French Grand Prix,2021-06-20,849,8,17,101.284
1059,2021,7,34,French Grand Prix,2021-06-20,849,9,17,101.096
1059,2021,7,34,French Grand Prix,2021-06-20,849,10,17,101.046
1059,2021,7,34,French Grand Prix,2021-06-20,849,11,17,100.615
1059,2021,7,34,French Grand Prix,2021-06-20,849,12,17,100.764
1059,2021,7,34,French Grand Prix,2021-06-20,849,13,18,102.606
1059,2021,7,34,French Grand Prix,2021-06-20,849,14,17,102.057
1059,2021,7,34,French Grand Prix,2021-06-20,849,15,16,102.013
1059,2021,7,34,French Grand Prix,2021-06-20,849,16,15,101.602
1059,2021,7,34,French Grand Prix,2021-06-20,849,17,12,101.35
1059,2021,7,34,French Grand Prix,2021-06-20,849,18,19,120.899
1059,2021,7,34,French Grand Prix,2021-06-20,849,19,19,102.723
1059,2021,7,34,French Grand Prix,2021-06-20,849,20,19,99.754
1059,2021,7,34,French Grand Prix,2021-06-20,849,21,19,99.546
1059,2021,7,34,French Grand Prix,2021-06-20,849,22,19,100.102
1059,2021,7,34,French Grand Prix,2021-06-20,849,23,18,100.581
1059,2021,7,34,French Grand Prix,2021-06-20,849,24,18,101.257
1059,2021,7,34,French Grand Prix,2021-06-20,849,25,18,100.38
1059,2021,7,34,French Grand Prix,2021-06-20,849,26,18,100.253
1059,2021,7,34,French Grand Prix,2021-06-20,849,27,18,100.439
1059,2021,7,34,French Grand Prix,2021-06-20,849,28,17,101.369
1059,2021,7,34,French Grand Prix,2021-06-20,849,29,16,100.932
1059,2021,7,34,French Grand Prix,2021-06-20,849,30,16,101.019
1059,2021,7,34,French Grand Prix,2021-06-20,849,31,17,101.448
1059,2021,7,34,French Grand Prix,2021-06-20,849,32,18,101.247
1059,2021,7,34,French Grand Prix,2021-06-20,849,33,17,100.459
1059,2021,7,34,French Grand Prix,2021-06-20,849,34,17,100.051
1059,2021,7,34,French Grand Prix,2021-06-20,849,35,17,100.161
1059,2021,7,34,French Grand Prix,2021-06-20,849,36,17,100.027
1059,2021,7,34,French Grand Prix,2021-06-20,849,37,17,99.788
1059,2021,7,34,French Grand Prix,2021-06-20,849,38,17,101.621
1059,2021,7,34,French Grand Prix,2021-06-20,849,39,18,101.949
1059,2021,7,34,French Grand Prix,2021-06-20,849,40,18,101.468
1059,2021,7,34,French Grand Prix,2021-06-20,849,41,18,100.984
1059,2021,7,34,French Grand Prix,2021-06-20,849,42,18,98.971
1059,2021,7,34,French Grand Prix,2021-06-20,849,43,18,98.752
1059,2021,7,34,French Grand Prix,2021-06-20,849,44,18,99.006
1059,2021,7,34,French Grand Prix,2021-06-20,849,45,18,99.007
1059,2021,7,34,French Grand Prix,2021-06-20,849,46,18,98.854
1059,2021,7,34,French Grand Prix,2021-06-20,849,47,18,98.952
1059,2021,7,34,French Grand Prix,2021-06-20,849,48,18,99.26
1059,2021,7,34,French Grand Prix,2021-06-20,849,49,18,98.687
1059,2021,7,34,French Grand Prix,2021-06-20,849,50,18,98.313
1059,2021,7,34,French Grand Prix,2021-06-20,849,51,18,98.712
1059,2021,7,34,French Grand Prix,2021-06-20,849,52,18,98.684
1059,2021,7,34,French Grand Prix,2021-06-20,840,1,16,115.002
1059,2021,7,34,French Grand Prix,2021-06-20,840,2,15,103.047
1059,2021,7,34,French Grand Prix,2021-06-20,840,3,15,101.9
1059,2021,7,34,French Grand Prix,2021-06-20,840,4,15,101.411
1059,2021,7,34,French Grand Prix,2021-06-20,840,5,15,101.613
1059,2021,7,34,French Grand Prix,2021-06-20,840,6,15,100.586
1059,2021,7,34,French Grand Prix,2021-06-20,840,7,15,101.048
1059,2021,7,34,French Grand Prix,2021-06-20,840,8,15,100.751
1059,2021,7,34,French Grand Prix,2021-06-20,840,9,14,100.492
1059,2021,7,34,French Grand Prix,2021-06-20,840,10,14,100.689
1059,2021,7,34,French Grand Prix,2021-06-20,840,11,14,100.632
1059,2021,7,34,French Grand Prix,2021-06-20,840,12,14,100.644
1059,2021,7,34,French Grand Prix,2021-06-20,840,13,14,101.395
1059,2021,7,34,French Grand Prix,2021-06-20,840,14,12,101.047
1059,2021,7,34,French Grand Prix,2021-06-20,840,15,12,101.065
1059,2021,7,34,French Grand Prix,2021-06-20,840,16,11,101.628
1059,2021,7,34,French Grand Prix,2021-06-20,840,17,9,101.131
1059,2021,7,34,French Grand Prix,2021-06-20,840,18,8,100.668
1059,2021,7,34,French Grand Prix,2021-06-20,840,19,7,100.432
1059,2021,7,34,French Grand Prix,2021-06-20,840,20,7,101.167
1059,2021,7,34,French Grand Prix,2021-06-20,840,21,7,100.893
1059,2021,7,34,French Grand Prix,2021-06-20,840,22,7,100.617
1059,2021,7,34,French Grand Prix,2021-06-20,840,23,7,100.71
1059,2021,7,34,French Grand Prix,2021-06-20,840,24,6,100.48
1059,2021,7,34,French Grand Prix,2021-06-20,840,25,6,100.569
1059,2021,7,34,French Grand Prix,2021-06-20,840,26,6,100.431
1059,2021,7,34,French Grand Prix,2021-06-20,840,27,6,99.784
1059,2021,7,34,French Grand Prix,2021-06-20,840,28,6,100.563
1059,2021,7,34,French Grand Prix,2021-06-20,840,29,6,100.352
1059,2021,7,34,French Grand Prix,2021-06-20,840,30,6,100.301
1059,2021,7,34,French Grand Prix,2021-06-20,840,31,6,100.243
1059,2021,7,34,French Grand Prix,2021-06-20,840,32,6,100.103
1059,2021,7,34,French Grand Prix,2021-06-20,840,33,6,99.699
1059,2021,7,34,French Grand Prix,2021-06-20,840,34,13,120.727
1059,2021,7,34,French Grand Prix,2021-06-20,840,35,14,102.25
1059,2021,7,34,French Grand Prix,2021-06-20,840,36,14,99.132
1059,2021,7,34,French Grand Prix,2021-06-20,840,37,14,99.205
1059,2021,7,34,French Grand Prix,2021-06-20,840,38,13,98.718
1059,2021,7,34,French Grand Prix,2021-06-20,840,39,12,98.727
1059,2021,7,34,French Grand Prix,2021-06-20,840,40,12,99.219
1059,2021,7,34,French Grand Prix,2021-06-20,840,41,12,98.56
1059,2021,7,34,French Grand Prix,2021-06-20,840,42,11,98.376
1059,2021,7,34,French Grand Prix,2021-06-20,840,43,11,98.58
1059,2021,7,34,French Grand Prix,2021-06-20,840,44,11,97.828
1059,2021,7,34,French Grand Prix,2021-06-20,840,45,11,97.933
1059,2021,7,34,French Grand Prix,2021-06-20,840,46,11,97.867
1059,2021,7,34,French Grand Prix,2021-06-20,840,47,11,97.939
1059,2021,7,34,French Grand Prix,2021-06-20,840,48,10,97.919
1059,2021,7,34,French Grand Prix,2021-06-20,840,49,10,98.443
1059,2021,7,34,French Grand Prix,2021-06-20,840,50,10,98.447
1059,2021,7,34,French Grand Prix,2021-06-20,840,51,10,98.977
1059,2021,7,34,French Grand Prix,2021-06-20,840,52,10,98.698
1059,2021,7,34,French Grand Prix,2021-06-20,840,53,10,99.078
1059,2021,7,34,French Grand Prix,2021-06-20,847,1,17,115.42
1059,2021,7,34,French Grand Prix,2021-06-20,847,2,18,104.277
1059,2021,7,34,French Grand Prix,2021-06-20,847,3,18,103.16
1059,2021,7,34,French Grand Prix,2021-06-20,847,4,18,102.635
1059,2021,7,34,French Grand Prix,2021-06-20,847,5,18,101.532
1059,2021,7,34,French Grand Prix,2021-06-20,847,6,18,101.461
1059,2021,7,34,French Grand Prix,2021-06-20,847,7,18,101.152
1059,2021,7,34,French Grand Prix,2021-06-20,847,8,18,101.407
1059,2021,7,34,French Grand Prix,2021-06-20,847,9,18,101.095
1059,2021,7,34,French Grand Prix,2021-06-20,847,10,18,101.059
1059,2021,7,34,French Grand Prix,2021-06-20,847,11,18,100.784
1059,2021,7,34,French Grand Prix,2021-06-20,847,12,18,100.49
1059,2021,7,34,French Grand Prix,2021-06-20,847,13,17,100.945
1059,2021,7,34,French Grand Prix,2021-06-20,847,14,16,101.678
1059,2021,7,34,French Grand Prix,2021-06-20,847,15,15,101.979
1059,2021,7,34,French Grand Prix,2021-06-20,847,16,14,101.684
1059,2021,7,34,French Grand Prix,2021-06-20,847,17,19,120.045
1059,2021,7,34,French Grand Prix,2021-06-20,847,18,18,101.947
1059,2021,7,34,French Grand Prix,2021-06-20,847,19,18,99.275
1059,2021,7,34,French Grand Prix,2021-06-20,847,20,17,99.867
1059,2021,7,34,French Grand Prix,2021-06-20,847,21,17,99.862
1059,2021,7,34,French Grand Prix,2021-06-20,847,22,17,99.744
1059,2021,7,34,French Grand Prix,2021-06-20,847,23,17,99.877
1059,2021,7,34,French Grand Prix,2021-06-20,847,24,17,100.537
1059,2021,7,34,French Grand Prix,2021-06-20,847,25,17,100.427
1059,2021,7,34,French Grand Prix,2021-06-20,847,26,17,99.787
1059,2021,7,34,French Grand Prix,2021-06-20,847,27,17,99.522
1059,2021,7,34,French Grand Prix,2021-06-20,847,28,15,100.281
1059,2021,7,34,French Grand Prix,2021-06-20,847,29,15,99.9
1059,2021,7,34,French Grand Prix,2021-06-20,847,30,15,99.961
1059,2021,7,34,French Grand Prix,2021-06-20,847,31,15,99.898
1059,2021,7,34,French Grand Prix,2021-06-20,847,32,15,100.418
1059,2021,7,34,French Grand Prix,2021-06-20,847,33,14,99.553
1059,2021,7,34,French Grand Prix,2021-06-20,847,34,14,100.397
1059,2021,7,34,French Grand Prix,2021-06-20,847,35,13,99.65
1059,2021,7,34,French Grand Prix,2021-06-20,847,36,13,99.776
1059,2021,7,34,French Grand Prix,2021-06-20,847,37,13,99.721
1059,2021,7,34,French Grand Prix,2021-06-20,847,38,12,99.34
1059,2021,7,34,French Grand Prix,2021-06-20,847,39,13,100.866
1059,2021,7,34,French Grand Prix,2021-06-20,847,40,13,100.103
1059,2021,7,34,French Grand Prix,2021-06-20,847,41,13,99.419
1059,2021,7,34,French Grand Prix,2021-06-20,847,42,13,99.467
1059,2021,7,34,French Grand Prix,2021-06-20,847,43,13,99.544
1059,2021,7,34,French Grand Prix,2021-06-20,847,44,13,98.791
1059,2021,7,34,French Grand Prix,2021-06-20,847,45,13,98.708
1059,2021,7,34,French Grand Prix,2021-06-20,847,46,13,100.589
1059,2021,7,34,French Grand Prix,2021-06-20,847,47,13,100.218
1059,2021,7,34,French Grand Prix,2021-06-20,847,48,13,100.501
1059,2021,7,34,French Grand Prix,2021-06-20,847,49,13,99.415
1059,2021,7,34,French Grand Prix,2021-06-20,847,50,12,98.578
1059,2021,7,34,French Grand Prix,2021-06-20,847,51,12,98.763
1059,2021,7,34,French Grand Prix,2021-06-20,847,52,12,98.314
1059,2021,7,34,French Grand Prix,2021-06-20,852,1,18,115.798
1059,2021,7,34,French Grand Prix,2021-06-20,852,2,17,103.228
1059,2021,7,34,French Grand Prix,2021-06-20,852,3,17,102.618
1059,2021,7,34,French Grand Prix,2021-06-20,852,4,16,101.485
1059,2021,7,34,French Grand Prix,2021-06-20,852,5,16,100.996
1059,2021,7,34,French Grand Prix,2021-06-20,852,6,16,100.577
1059,2021,7,34,French Grand Prix,2021-06-20,852,7,16,101.051
1059,2021,7,34,French Grand Prix,2021-06-20,852,8,16,100.724
1059,2021,7,34,French Grand Prix,2021-06-20,852,9,16,101.195
1059,2021,7,34,French Grand Prix,2021-06-20,852,10,16,101.032
1059,2021,7,34,French Grand Prix,2021-06-20,852,11,16,101.06
1059,2021,7,34,French Grand Prix,2021-06-20,852,12,16,101.158
1059,2021,7,34,French Grand Prix,2021-06-20,852,13,16,101.491
1059,2021,7,34,French Grand Prix,2021-06-20,852,14,15,101.649
1059,2021,7,34,French Grand Prix,2021-06-20,852,15,19,121.362
1059,2021,7,34,French Grand Prix,2021-06-20,852,16,19,104.511
1059,2021,7,34,French Grand Prix,2021-06-20,852,17,18,99.686
1059,2021,7,34,French Grand Prix,2021-06-20,852,18,17,98.98
1059,2021,7,34,French Grand Prix,2021-06-20,852,19,17,100.667
1059,2021,7,34,French Grand Prix,2021-06-20,852,20,16,100.627
1059,2021,7,34,French Grand Prix,2021-06-20,852,21,16,99.629
1059,2021,7,34,French Grand Prix,2021-06-20,852,22,16,99.895
1059,2021,7,34,French Grand Prix,2021-06-20,852,23,16,99.615
1059,2021,7,34,French Grand Prix,2021-06-20,852,24,16,99.911
1059,2021,7,34,French Grand Prix,2021-06-20,852,25,16,100.019
1059,2021,7,34,French Grand Prix,2021-06-20,852,26,16,99.785
1059,2021,7,34,French Grand Prix,2021-06-20,852,27,16,99.782
1059,2021,7,34,French Grand Prix,2021-06-20,852,28,14,100.467
1059,2021,7,34,French Grand Prix,2021-06-20,852,29,14,100.04
1059,2021,7,34,French Grand Prix,2021-06-20,852,30,14,100.656
1059,2021,7,34,French Grand Prix,2021-06-20,852,31,14,100.083
1059,2021,7,34,French Grand Prix,2021-06-20,852,32,14,101.013
1059,2021,7,34,French Grand Prix,2021-06-20,852,33,13,100.122
1059,2021,7,34,French Grand Prix,2021-06-20,852,34,12,99.669
1059,2021,7,34,French Grand Prix,2021-06-20,852,35,12,99.459
1059,2021,7,34,French Grand Prix,2021-06-20,852,36,12,99.109
1059,2021,7,34,French Grand Prix,2021-06-20,852,37,12,99.476
1059,2021,7,34,French Grand Prix,2021-06-20,852,38,11,99.72
1059,2021,7,34,French Grand Prix,2021-06-20,852,39,11,99.882
1059,2021,7,34,French Grand Prix,2021-06-20,852,40,11,99.474
1059,2021,7,34,French Grand Prix,2021-06-20,852,41,11,99.372
1059,2021,7,34,French Grand Prix,2021-06-20,852,42,12,100.61
1059,2021,7,34,French Grand Prix,2021-06-20,852,43,12,99.625
1059,2021,7,34,French Grand Prix,2021-06-20,852,44,12,99.476
1059,2021,7,34,French Grand Prix,2021-06-20,852,45,12,99.593
1059,2021,7,34,French Grand Prix,2021-06-20,852,46,12,99.411
1059,2021,7,34,French Grand Prix,2021-06-20,852,47,12,99.871
1059,2021,7,34,French Grand Prix,2021-06-20,852,48,12,102.541
1059,2021,7,34,French Grand Prix,2021-06-20,852,49,12,99.503
1059,2021,7,34,French Grand Prix,2021-06-20,852,50,13,100.406
1059,2021,7,34,French Grand Prix,2021-06-20,852,51,13,100.632
1059,2021,7,34,French Grand Prix,2021-06-20,852,52,13,99.4
1059,2021,7,34,French Grand Prix,2021-06-20,854,1,19,116.462
1059,2021,7,34,French Grand Prix,2021-06-20,854,2,19,104.178
1059,2021,7,34,French Grand Prix,2021-06-20,854,3,19,102.66
1059,2021,7,34,French Grand Prix,2021-06-20,854,4,20,107.603
1059,2021,7,34,French Grand Prix,2021-06-20,854,5,20,102.872
1059,2021,7,34,French Grand Prix,2021-06-20,854,6,20,102.279
1059,2021,7,34,French Grand Prix,2021-06-20,854,7,20,101.986
1059,2021,7,34,French Grand Prix,2021-06-20,854,8,20,101.31
1059,2021,7,34,French Grand Prix,2021-06-20,854,9,20,101.098
1059,2021,7,34,French Grand Prix,2021-06-20,854,10,20,101.318
1059,2021,7,34,French Grand Prix,2021-06-20,854,11,20,102.069
1059,2021,7,34,French Grand Prix,2021-06-20,854,12,20,102.2
1059,2021,7,34,French Grand Prix,2021-06-20,854,13,20,102.548
1059,2021,7,34,French Grand Prix,2021-06-20,854,14,20,102.549
1059,2021,7,34,French Grand Prix,2021-06-20,854,15,20,123.242
1059,2021,7,34,French Grand Prix,2021-06-20,854,16,20,105.277
1059,2021,7,34,French Grand Prix,2021-06-20,854,17,20,100.379
1059,2021,7,34,French Grand Prix,2021-06-20,854,18,20,99.947
1059,2021,7,34,French Grand Prix,2021-06-20,854,19,20,100.071
1059,2021,7,34,French Grand Prix,2021-06-20,854,20,20,100.997
1059,2021,7,34,French Grand Prix,2021-06-20,854,21,20,101.231
1059,2021,7,34,French Grand Prix,2021-06-20,854,22,20,101.243
1059,2021,7,34,French Grand Prix,2021-06-20,854,23,20,101.2
1059,2021,7,34,French Grand Prix,2021-06-20,854,24,20,101.366
1059,2021,7,34,French Grand Prix,2021-06-20,854,25,20,100.992
1059,2021,7,34,French Grand Prix,2021-06-20,854,26,20,100.736
1059,2021,7,34,French Grand Prix,2021-06-20,854,27,20,101.137
1059,2021,7,34,French Grand Prix,2021-06-20,854,28,20,101.566
1059,2021,7,34,French Grand Prix,2021-06-20,854,29,20,107.121
1059,2021,7,34,French Grand Prix,2021-06-20,854,30,20,100.625
1059,2021,7,34,French Grand Prix,2021-06-20,854,31,19,100.354
1059,2021,7,34,French Grand Prix,2021-06-20,854,32,19,100.75
1059,2021,7,34,French Grand Prix,2021-06-20,854,33,19,103.647
1059,2021,7,34,French Grand Prix,2021-06-20,854,34,19,99.913
1059,2021,7,34,French Grand Prix,2021-06-20,854,35,19,100.081
1059,2021,7,34,French Grand Prix,2021-06-20,854,36,19,99.887
1059,2021,7,34,French Grand Prix,2021-06-20,854,37,19,100.204
1059,2021,7,34,French Grand Prix,2021-06-20,854,38,19,100.278
1059,2021,7,34,French Grand Prix,2021-06-20,854,39,19,99.999
1059,2021,7,34,French Grand Prix,2021-06-20,854,40,19,99.513
1059,2021,7,34,French Grand Prix,2021-06-20,854,41,19,100.356
1059,2021,7,34,French Grand Prix,2021-06-20,854,42,19,99.784
1059,2021,7,34,French Grand Prix,2021-06-20,854,43,19,99.741
1059,2021,7,34,French Grand Prix,2021-06-20,854,44,19,99.392
1059,2021,7,34,French Grand Prix,2021-06-20,854,45,19,99.717
1059,2021,7,34,French Grand Prix,2021-06-20,854,46,19,99.882
1059,2021,7,34,French Grand Prix,2021-06-20,854,47,19,100.167
1059,2021,7,34,French Grand Prix,2021-06-20,854,48,19,100.115
1059,2021,7,34,French Grand Prix,2021-06-20,854,49,19,100.273
1059,2021,7,34,French Grand Prix,2021-06-20,854,50,19,99.712
1059,2021,7,34,French Grand Prix,2021-06-20,854,51,19,98.847
1059,2021,7,34,French Grand Prix,2021-06-20,854,52,19,99.033
1059,2021,7,34,French Grand Prix,2021-06-20,853,1,20,117.026
1059,2021,7,34,French Grand Prix,2021-06-20,853,2,20,104.607
1059,2021,7,34,French Grand Prix,2021-06-20,853,3,20,102.672
1059,2021,7,34,French Grand Prix,2021-06-20,853,4,19,102.601
1059,2021,7,34,French Grand Prix,2021-06-20,853,5,19,102.001
1059,2021,7,34,French Grand Prix,2021-06-20,853,6,19,101.805
1059,2021,7,34,French Grand Prix,2021-06-20,853,7,19,101.831
1059,2021,7,34,French Grand Prix,2021-06-20,853,8,19,102.003
1059,2021,7,34,French Grand Prix,2021-06-20,853,9,19,101.289
1059,2021,7,34,French Grand Prix,2021-06-20,853,10,19,101.864
1059,2021,7,34,French Grand Prix,2021-06-20,853,11,19,101.579
1059,2021,7,34,French Grand Prix,2021-06-20,853,12,19,101.809
1059,2021,7,34,French Grand Prix,2021-06-20,853,13,19,101.816
1059,2021,7,34,French Grand Prix,2021-06-20,853,14,19,102.379
1059,2021,7,34,French Grand Prix,2021-06-20,853,15,18,103.792
1059,2021,7,34,French Grand Prix,2021-06-20,853,16,18,102.828
1059,2021,7,34,French Grand Prix,2021-06-20,853,17,17,102.6
1059,2021,7,34,French Grand Prix,2021-06-20,853,18,16,101.893
1059,2021,7,34,French Grand Prix,2021-06-20,853,19,16,102.506
1059,2021,7,34,French Grand Prix,2021-06-20,853,20,18,103.532
1059,2021,7,34,French Grand Prix,2021-06-20,853,21,18,101.897
1059,2021,7,34,French Grand Prix,2021-06-20,853,22,18,101.8
1059,2021,7,34,French Grand Prix,2021-06-20,853,23,19,102.412
1059,2021,7,34,French Grand Prix,2021-06-20,853,24,19,102.032
1059,2021,7,34,French Grand Prix,2021-06-20,853,25,19,101.332
1059,2021,7,34,French Grand Prix,2021-06-20,853,26,19,101.914
1059,2021,7,34,French Grand Prix,2021-06-20,853,27,19,101.268
1059,2021,7,34,French Grand Prix,2021-06-20,853,28,19,101.417
1059,2021,7,34,French Grand Prix,2021-06-20,853,29,19,101.808
1059,2021,7,34,French Grand Prix,2021-06-20,853,30,19,101.792
1059,2021,7,34,French Grand Prix,2021-06-20,853,31,20,121.696
1059,2021,7,34,French Grand Prix,2021-06-20,853,32,20,106.71
1059,2021,7,34,French Grand Prix,2021-06-20,853,33,20,99.904
1059,2021,7,34,French Grand Prix,2021-06-20,853,34,20,99.317
1059,2021,7,34,French Grand Prix,2021-06-20,853,35,20,99.574
1059,2021,7,34,French Grand Prix,2021-06-20,853,36,20,99.691
1059,2021,7,34,French Grand Prix,2021-06-20,853,37,20,99.589
1059,2021,7,34,French Grand Prix,2021-06-20,853,38,20,100.043
1059,2021,7,34,French Grand Prix,2021-06-20,853,39,20,100.232
1059,2021,7,34,French Grand Prix,2021-06-20,853,40,20,99.849
1059,2021,7,34,French Grand Prix,2021-06-20,853,41,20,100.155
1059,2021,7,34,French Grand Prix,2021-06-20,853,42,20,100.101
1059,2021,7,34,French Grand Prix,2021-06-20,853,43,20,99.888
1059,2021,7,34,French Grand Prix,2021-06-20,853,44,20,99.573
1059,2021,7,34,French Grand Prix,2021-06-20,853,45,20,99.916
1059,2021,7,34,French Grand Prix,2021-06-20,853,46,20,100.511
1059,2021,7,34,French Grand Prix,2021-06-20,853,47,20,100.216
1059,2021,7,34,French Grand Prix,2021-06-20,853,48,20,100.796
1059,2021,7,34,French Grand Prix,2021-06-20,853,49,20,101.48
1059,2021,7,34,French Grand Prix,2021-06-20,853,50,20,101.065
1059,2021,7,34,French Grand Prix,2021-06-20,853,51,20,100.251
1059,2021,7,34,French Grand Prix,2021-06-20,853,52,20,103.34
